,net_income,op_income,gross_profit,crr_asst,ncrr_asst,crr_libt,ncrr_libt
2017-06-30,-37.265660722450846,6.349911190053286,4.7423245614035086,-49.69534050179211,0.0,16.088686753837408,25.16968325791855
